1100031;209
1100122;5011
1100189;1501
1100205;27662
1100338;1623
1100908;222
1101435;419
1101468;158
1101559;280
1101708;837
1200138;1503
1200179;1259
1200351;2562
1200609;7753
1300201;1904
1300631;3832
1300706;5410
1300839;1758
1301001;5072
1301159;3835
1301803;3190
1302009;1411
1302108;1004
1302603;181155
1303007;3619
1303502;2826
1303569;3401
1304203;23314
1304302;2889
1400027;1135
1400175;2179
1400308;2754
1500107;33841
1500206;10117
1500800;51772
1501303;16375
1501402;178961
1501451;3089
1501576;1881
1501782;6955
1501808;37322
1502004;4301
1502301;12123
1502509;3129
1502608;1611
1502756;4414
1502764;1313
1502939;7789
1503002;1520
1503077;7493
1503101;5123
1503200;6515
1503507;5947
1504000;4808
1504109;1104
1504307;5664
1504406;4182
1504422;17163
1504703;14544
1504950;4099
1505007;2341
1505205;5987
1505486;7465
1506161;1091
1506187;4971
1506195;3504
1506401;1718
1506708;4498
1507458;3040
1507607;17472
1507805;3022
1508050;1904
1508126;3505
1508357;1421
1600105;1323
1600303;51012
1600709;2063
1600808;2060
1700301;606
1701002;1395
1702307;522
1702703;445
1703057;321
1703305;531
1703701;539
1703800;832
1703826;302
1704105;271
1707207;1234
1707702;998
1708205;1856
1709807;196
1711100;222
1712504;477
1713205;7165
1713304;1279
1713809;630
1715259;339
1715507;143
1715705;711
1715754;683
1716109;7822
1716307;509
1716604;1002
1717008;550
1717206;406
1717800;624
1718303;818
1718501;516
1718659;167
1718758;713
1718881;325
1720200;1572
1720655;910
1721000;17446
1722081;1281
2100055;31173
2100303;3902
2100402;1361
2100436;4069
2100501;1199
2100709;5922
2100873;2091
2100907;8106
2101400;24063
2101731;1876
2101939;881
2102150;1175
2102200;4695
2102309;3983
2102606;3765
2102754;2621
2103125;1778
2103208;60570
2103257;2460
2103307;31616
2103604;10596
2104008;3644
2104057;9967
2104305;1736
2104800;17229
2105005;4660
2105203;1868
2105807;1974
2106102;1867
2106375;1666
2106409;3391
2106508;5814
2106607;6041
2106672;1536
2107209;2192
2107357;3213
2107704;4177
2107803;4988
2108504;3866
2109007;2049
2109205;2158
2109270;3902
2109551;1067
2109601;18668
2109700;795
2109759;1193
2110005;10025
2110708;5477
2111003;5398
2111300;158117
2111573;657
2111672;1259
2111706;4940
2111722;1726
2111748;2186
2111763;2556
2112100;4998
2112209;35640
2112902;5433
2114007;19982
2200459;867
2200608;1484
2200707;1643
2201002;859
2201309;640
2201408;1175
2201903;17559
2201919;974
2201960;1435
2202000;3504
2202208;24170
2202505;1981
2202604;2919
2202653;841
2202711;997
2202737;740
1100015;1668
1100049;3527
1100056;1211
1100080;1675
1100098;1498
1100106;3161
1100114;4868
1100130;2198
1100155;2867
1100288;5155
1100320;3981
1100452;2946
1100601;257
1101203;477
1101450;331
1101476;189
1101484;133
1101757;604
1200013;1632
1200252;1552
1200302;5557
1200336;3047
1200393;1434
1200435;870
1200450;5998
1300086;1776
1300102;2836
1300607;4897
1301407;5203
1301506;2800
1301704;8226
1301951;1563
1302504;29306
1302900;11845
1303106;4065
1303205;2083
1303809;5240
1303957;1573
1304005;1742
1304062;16977
1400050;2236
1400233;1301
1400282;1374
1400506;856
1400605;926
1400704;1122
1500347;2649
1500404;9397
1500503;4905
1500859;4484
1501709;33290
1501725;2149
1501758;1199
1502202;29069
1502806;4863
1502954;3653
1503044;2382
1503093;3235
1503309;18323
1503804;7440
1504455;4054
1504976;1391
1505437;11647
1505502;12762
1505551;980
1505809;7552
1505908;5355
1506104;1775
1506302;4576
1506351;2074
1506583;2406
1506609;3623
1507151;3082
1507201;4886
1507409;2260
1507508;2323
1507755;456
1508001;10766
1508035;4714
1508159;7757
1508209;7613
1508407;7458
1600238;807
1600535;2238
1700350;640
1701051;309
1701101;391
1701309;607
1701903;473
1702000;398
1702208;9062
1702901;1898
1703883;211
1704600;188
1705102;379
1705508;7877
1705557;584
1706001;661
1706506;524
1707108;642
1707652;527
1709302;5254
1709500;12589
1710508;1042
1710904;628
1711803;250
1711902;1729
1711951;501
1712009;204
1712157;165
1712405;410
1712702;187
1715101;474
1717503;393
1717909;736
1718204;9704
1718840;302
1718865;417
1718907;552
1719004;194
1720804;1326
1721208;6340
1722107;1401
2100204;5471
2100956;4657
2101004;5169
2101350;1091
2102374;1887
2102507;4099
2102804;3381
2102903;4382
2103000;42194
2103505;6732
2103802;3856
2104073;1249
2104107;2153
2104503;1761
2104552;2313
2104651;1959
2104677;4474
2105153;2644
2105302;44972
2105351;2514
2105906;2942
2106631;1955
2106706;3497
2106805;2770
2107001;1725
2107456;3251
2107506;19662
2107605;4523
2108108;3719
2108405;2589
2108454;4920
2109403;2673
2109452;4449
2109908;50118
2110401;3657
2110658;1508
2110807;805
2110906;2522
2111029;2098
2111102;14722
2111409;3556
2111532;1594
2111607;2311
2111953;925
2112001;1123
2112274;1254
2112456;4821
2112506;10411
2200202;10481
2201051;1297
2201150;1882
2201507;5229
2201929;1096
2201945;1260
2202026;1548
2202075;506
2202109;1030
2202117;1186
2202174;1659
2202455;1019
2202703;8670
2202802;1017
2202851;1045
2203230;973
2203404;1064
2203420;827
2203453;2194
2203503;2077
2203701;17443
1100023;10481
1100064;619
1100148;1797
1100254;3199
1100262;203
1100296;420
1100346;1485
1100379;807
1100502;716
1100700;822
1100809;2490
1100940;1270
1101104;642
1101302;724
1101401;705
1101492;1064
1200054;1381
1200104;6516
1200203;21985
1200344;2037
1200500;6673
1200807;2649
1300300;11415
1300508;5068
1300904;2278
1301209;11142
1301308;3406
1301654;2429
1301852;9718
1301902;20147
1302207;1419
1302405;7249
1302553;3030
1303403;23040
1303536;4058
1303700;4247
1304237;2857
1304260;2174
1304401;3134
1400159;2031
1400407;1396
1500305;6563
1500602;31409
1500701;5042
1500909;7573
1501006;2173
1501105;3308
1501204;5610
1501600;1922
1501907;5594
1501956;4307
1502103;30750
1502152;4810
1502707;4181
1502772;3007
1502905;7920
1503408;1821
1503457;5448
1504059;15355
1504208;34647
1505031;1716
1505304;13890
1505403;3352
1506112;2154
1506138;16597
1506203;8702
1506500;22901
1506559;3972
1506807;75034
1506906;1541
1507003;4184
1507102;2780
1507300;6809
1507466;944
1507474;3439
1507706;4784
1507904;3454
1507953;10607
1507979;2675
1508100;16944
1600204;1319
1600279;8590
1600402;3275
1600501;2174
1600600;19660
1700251;262
1700400;891
1702109;22295
1702406;1448
1702554;6282
1703008;1068
1703206;408
1703842;785
1703891;574
1705607;497
1706100;830
1706258;99
1710706;836
1711506;411
1712454;248
1713601;848
1713957;394
1715002;485
1716208;1807
1716703;821
1718402;376
1718451;301
1718550;649
1718709;300
1720150;159
1720259;330
1720309;777
1720499;599
1720853;157
1720937;214
1721257;102
1721307;288
2100105;1279
2100832;3502
2101251;2968
2101608;19964
2101707;16548
2101772;2502
2101806;1089
2101905;3405
2101970;1332
2102036;5342
2102077;2236
2102101;6497
2102325;7097
2102358;2649
2102408;2111
2102556;1788
2103158;1953
2103174;3048
2103406;7194
2103554;2861
2103703;6262
2103752;1591
2103901;2045
2104081;1783
2104099;2728
2104602;2446
2104909;2607
2105427;4121
2105450;1844
2105500;4003
2105658;945
2105708;8183
2105922;2030
2106003;1922
2106359;1450
2106755;3664
2106904;5649
2107258;789
2107308;800
2107407;3780
2108058;3038
2108603;91309
2108900;3237
2109056;1288
2109106;52373
2109239;902
2109304;1823
2109502;2970
2110039;18084
2110104;5172
2110203;19874
2110302;2783
2110500;7540
2110609;4632
2110856;1366
2111078;3051
2111789;3390
2111805;3105
2111904;2199
2112407;6408
2112605;5627
2113009;6229
2200053;1270
2200103;971
2200251;1502
2200509;3044
2200905;1147
2201101;2601
2201176;808
2201606;1786
2201705;955
2201739;1296
2201988;920
2202059;1909
2202091;1079
1100072;486
1100304;4959
1100403;1268
1100924;530
1101005;996
1101500;932
1101609;603
1101807;510
1200328;1132
1200385;1676
1200401;29451
1200427;2379
1200708;1911
1300029;2470
1300060;1524
1300144;1708
1300409;2395
1300680;2320
1300805;5948
1301100;6324
1301605;3380
1302306;2970
1302702;5850
1302801;2843
1303304;3012
1303601;2106
1303908;9842
1304104;2540
1400100;34236
1400209;4288
1400456;1688
1400472;3739
1500131;1081
1500958;3886
1501253;384
1501501;10719
1502400;48727
1502855;2181
1503606;20122
1503705;6242
1503754;2219
1503903;6154
1504505;3658
1504604;5761
1504802;9935
1504901;6384
1505064;11842
1505106;6486
1505494;1515
1505536;17555
1505601;1101
1505635;1456
1505650;2877
1505700;4625
1506005;6773
1507961;2288
1508084;1950
1508308;9223
1600055;698
1600154;1456
1600212;799
1600253;1314
1600550;471
1700707;685
1702158;722
1703073;494
1703107;648
1703602;214
1703867;188
1703909;801
1707009;4487
1707306;439
1707405;1195
1707553;343
1708254;527
1708304;855
1709005;1667
1712801;400
1713700;343
1714203;752
1714302;586
1714880;1264
1715150;196
1716505;752
1716653;654
1718006;338
1718808;722
1718899;224
1720002;256
1720101;635
1720903;4961
1720978;215
1721109;995
2100154;2430
2100477;4829
2100550;1223
2100600;4677
2100808;3249
2101103;2193
2101202;50497
2101301;2858
2101509;3406
2102002;5575
2102705;3696
2103109;2252
2104206;3011
2104404;3315
2104628;974
2104701;1071
2105104;4798
2105401;8329
2105476;2276
2105609;2559
2105948;1460
2105963;1779
2105989;1292
2106201;1592
2106300;2242
2106326;2940
2107100;3597
2107902;3297
2108009;3505
2108207;39295
2108256;4725
2108306;5832
2108702;4132
2108801;3217
2109809;7810
2110237;1553
2110278;2044
2111052;1443
2111201;24748
2111250;1373
2111508;6722
2111631;1345
2112233;3196
2112308;4925
2112704;7157
2112803;43283
2112852;862
2200277;847
2200301;2360
2200400;8026
2200806;494
2201200;22746
2201556;605
2201572;720
2201770;1520
2201804;657
2202083;939
2202133;1153
2202251;706
2202307;6916
2202539;1085
2202554;1140
2202901;12842
2203008;1228
2203107;1725
2203206;1733
2203255;782
2203305;2579
2203602;754
2203750;1129
2203800;1007
2204006;855
2204204;1212
2204501;1299
2204659;1628
2205102;1654
2205201;3713
2205532;1034
2205565;835
2205581;771
2205805;5069
2206308;196
2206357;1111
2206605;2043
2206696;1319
2206753;857
2207306;863
2207355;611
2207504;2653
2207801;10125
2208007;51379
2208205;3230
2208403;16076
2208650;1587
2208700;1739
2208874;1012
2208908;984
2209005;1356
2209302;1136
2203859;465
2204154;517
2204402;1752
2204550;1060
2204808;1490
2205151;1242
2205250;928
2205276;913
2205409;2683
2205458;1044
2205508;6405
2205516;955
2205540;503
2205573;1018
2205607;1082
2205854;1405
2205953;1870
2206050;1122
2206209;6196
2206803;2052
2207009;18100
2207405;857
2207553;739
2207603;2077
2207793;938
2208106;2019
2208502;2357
2208551;395
2209153;564
2209377;923
2209708;1096
2210607;23603
2210805;2102
2300200;26878
2300309;14898
2300507;1084
2300705;2137
2301000;10101
2301208;4606
2301257;1855
2301307;3351
2301703;3797
2301802;1002
2302008;3222
2302107;21475
2302800;24383
2302909;2909
2303006;3299
2303600;1585
2303659;2081
2304004;3892
2304202;29358
2304251;3505
2304285;11685
2304301;2907
2304954;3508
2305100;642
2305266;2510
2305308;3353
2305506;25589
2305654;1968
2305704;2273
2306009;1842
2306207;1035
2306306;11811
2306504;3134
2307007;5893
2307304;34725
2307403;4104
2307502;5083
2307601;19377
2308401;5677
2308807;1378
2309409;5263
2309607;17709
2309904;977
2310704;4413
2310852;3462
2311801;13881
2311900;2495
2311959;2803
2312205;9976
2313203;6283
2313955;2206
2314102;10422
2400208;19739
2400307;2079
2400505;2010
2401008;10107
2401305;2071
2401404;1245
2401503;608
2401701;1275
2401800;1597
2402402;396
2402808;1086
2403251;19428
2403301;786
2403400;1140
2403608;4074
2404002;700
2404200;16098
2405009;1495
2406155;574
2406700;1362
2406908;523
2407005;1540
2407104;16187
2407609;708
2407708;2156
2408201;3011
2408508;510
2409332;1136
2409506;603
2410801;605
2410900;1188
2411106;471
2411601;604
2411700;823
2411809;426
2413409;808
2413508;1267
2413805;313
2414753;664
2500304;4805
2500502;2351
2500700;2564
2501005;2822
2501351;775
2501500;19142
2501807;12337
2502052;571
2502607;1094
2502904;1117
2503100;734
2503308;1553
2503407;737
2503506;3044
2503555;1526
2503902;1078
2504108;365
2505105;3731
2505303;393
2505402;1826
2506251;1923
2507002;17433
2507309;2673
2508000;1641
2508406;509
2509156;1170
2509339;722
2509370;425
2510204;1223
2510659;231
2511103;1113
2512036;667
2512077;572
2512101;13128
2512507;6477
2512754;795
2512762;826
2512788;353
2512903;4128
2513505;768
2514008;653
2514206;1206
2514305;1102
2514404;713
2514453;1129
2514503;2963
2514602;607
2514651;265
2515401;1972
2515609;370
2516755;444
2600104;18764
2600203;4193
2600401;5203
2600609;2482
2600708;6337
2601052;3906
2601201;27849
2601300;2115
2601508;2271
2602308;12487
2602506;1404
2602704;2397
2602803;20904
2603306;1713
2604155;2289
2604601;3064
2604700;3495
2202752;1333
2203271;955
2203354;1292
2204105;726
2204352;1125
2204907;1778
2205524;983
2205557;1500
2205599;1080
2205904;757
2206001;852
2206506;1267
2206951;672
2207702;27320
2207751;856
2207850;1122
2207959;993
2209104;1092
2209203;870
2209351;608
2209450;259
2209609;527
2209807;841
2209906;1157
2209971;1952
2210052;980
2210300;1008
2210375;358
2210409;3050
2210656;1964
2210904;933
2210938;907
2210979;468
2211100;12891
2211308;7975
2211407;953
2211605;538
2301505;886
2301950;3630
2302305;4708
2303402;2230
2303709;44268
2303808;3699
2304269;1467
2304657;2359
2305233;7182
2305332;2589
2305357;3226
2306108;4357
2306256;4193
2306900;13252
2307650;21220
2307700;19291
2308104;13339
2308302;4926
2308351;2490
2308500;5804
2308609;3274
2308708;13422
2310100;1839
2310308;3585
2310803;2669
2311009;1901
2311108;2440
2311231;1154
2311264;3364
2312106;3077
2312700;19612
2312809;1132
2313005;2136
2313252;1403
2313401;30898
2313708;1295
2313807;4190
2313906;2167
2314003;10566
2400406;488
2401107;4293
2401206;1608
2401602;834
2401651;494
2402105;1987
2402600;14421
2403004;971
2403202;1108
2403509;1572
2403707;1006
2404507;2426
2404606;2084
2404705;1831
2405108;1159
2405405;1533
2405504;449
2405603;2131
2405702;1116
2405801;15838
2406106;2634
2406403;520
2406502;2635
2406809;866
2407500;1166
2407807;2823
2407906;511
2408300;22215
2408409;633
2408805;931
2408904;2059
2409100;2063
2409605;493
2410009;528
2410504;758
2410603;448
2411056;488
2411403;1991
2411429;333
2411502;3651
2411908;615
2412609;2765
2412807;1318
2412906;1887
2413359;2054
2414100;1397
2414308;236
2414407;6358
2414605;2160
2414803;1329
2500106;1684
2500403;2526
2500536;758
2500775;1227
2501575;1203
2502151;799
2502300;902
2502805;2203
2503209;7935
2503605;1315
2503753;736
2504074;719
2504157;1308
2504306;7515
2504504;1227
2504850;387
2504900;3207
2505006;1347
2505238;1509
2505352;964
2506608;1177
2506707;1753
2506806;3872
2506905;21782
2507705;2619
2507804;1029
2508307;3453
2508703;722
2508802;896
2509008;1823
2509305;1502
2509701;15450
2509909;1224
2510402;1218
2510501;648
2510600;567
2511004;531
2511509;1915
2511806;1522
2511905;3542
2512309;3269
2512408;2173
2512606;303
2512705;2989
2512721;1029
2513000;576
2513307;1256
2513406;5215
2513604;1194
2513653;446
2513802;864
2513943;328
2513968;418
2514107;1046
2514800;576
2514909;1068
2515203;512
2515500;2178
2515708;546
2515807;1204
2515930;587
2516003;4474
2516151;665
2516300;2797
2516508;2937
2516706;3015
2209500;706
2209658;1310
2209872;1029
2209955;643
2210003;8577
2210508;2715
2210953;594
2211357;1164
2300150;1932
2300804;1626
2301109;14736
2301604;4267
2301851;2539
2301901;18219
2302206;8906
2302404;11518
2302503;17528
2302701;12240
2303204;4918
2303303;2814
2303956;3364
2304103;30135
2304236;3043
2304277;903
2304350;3066
2304400;215465
2304459;2594
2304707;7555
2304806;863
2304905;1220
2305001;5697
2305407;24353
2305605;4653
2305803;17614
2306553;6980
2306603;3962
2306702;3512
2307106;4580
2307205;1028
2307809;8304
2308377;2002
2309102;1873
2309458;3955
2309508;4738
2309805;1523
2310605;1677
2311207;1200
2311306;19178
2311355;2529
2311504;2524
2311603;7453
2311702;2549
2312007;5191
2312403;7535
2312601;1937
2312908;53989
2313302;12907
2313351;3767
2313609;4518
2313757;3112
2400901;1375
2401453;3539
2402006;18491
2402501;2011
2402907;689
2403103;13935
2404309;2126
2404903;1167
2405207;868
2405306;1309
2405900;454
2406007;819
2406205;1180
2406601;1909
2407252;547
2407302;1360
2408003;34678
2408102;62637
2408706;616
2409209;406
2409308;2246
2409704;1176
2409803;1933
2409902;1756
2410207;1001
2410256;1036
2410702;430
2411007;664
2412104;692
2412203;8703
2412302;2142
2412559;1078
2412708;1118
2413003;803
2413102;1306
2413201;533
2413300;1084
2413557;787
2413607;1129
2413706;731
2414001;2451
2414159;1029
2414506;1953
2414704;855
2415008;531
2500205;864
2500601;3592
2500734;464
2500809;3222
2500908;1981
2501534;950
2501609;2699
2501906;2538
2502201;387
2502508;3063
2502706;824
2503001;3916
2503704;23217
2503803;1159
2504033;1029
2504355;849
2504405;3138
2504603;4724
2505279;1285
2505501;583
2505709;1769
2505907;566
2506202;441
2506400;2490
2507101;2742
2507507;81140
2507606;1574
2507903;1487
2508208;1398
2508505;1337
2508554;677
2509107;3789
2509206;2156
2509396;1148
2509404;2892
2509503;1017
2510006;1351
2510303;607
2510808;42212
2510907;1787
2511202;5597
2511301;2690
2511608;1490
2511707;1187
2512747;513
2513109;1953
2513356;655
2513703;18534
2513927;597
2514701;591
2515104;1464
2515302;17756
2515906;1088
2516201;21512
2517001;1378
2517100;332
2517407;364
2600302;4120
2601102;28000
2601409;21019
2601607;3999
2601805;2503
2601904;17948
2602001;8082
2603454;14244
2603926;2443
2604403;2262
2604908;3612
2605103;8173
2605301;6389
2605509;1458
2606101;4477
2606606;5241
2607307;4859
2607653;5395
2607703;2573
2607802;2219
2607901;77044
2608206;2677
2608305;2440
2608453;2783
2608750;3713
2610509;4900
2610608;9085
2611101;53926
2611408;2149
2611507;3899
2202406;2129
2202729;1157
2202778;1420
2203909;23365
2204303;1947
2204600;673
2204709;2444
2205003;1834
2205300;863
2205359;548
2205706;7304
2206100;2180
2206407;1843
2206654;887
2206670;1183
2206704;1377
2206902;1052
2207108;472
2207207;1446
2207777;934
2207900;8689
2207934;545
2208304;6170
2208601;719
2208809;3676
2208858;850
2209401;836
2209559;1032
2209757;522
2209856;793
2210102;816
2210201;1046
2210359;1016
2210383;288
2210391;627
2210623;804
2210631;695
2210706;2254
2211001;99815
2211209;7374
2211506;667
2211704;779
2300101;1897
2300408;2759
2300606;1480
2300754;6548
2300903;2560
2301406;2102
2302057;2616
2302602;22879
2303105;2877
2303501;22238
2303907;2173
2303931;1862
2304509;2176
2304608;1294
2305209;2770
2305902;9748
2306405;41660
2306801;1543
2307254;1644
2307635;2838
2307908;2058
2308005;4387
2308203;1829
2308906;2851
2309003;1639
2309201;3030
2309300;3783
2309706;9938
2310001;1437
2310209;4999
2310258;4549
2310407;2061
2310506;7037
2310902;2400
2310951;1248
2311405;10744
2312304;14756
2312502;798
2313104;3924
2313500;15769
2313559;3004
2400109;1244
2400604;900
2400703;3652
2400802;1697
2401859;936
2401909;648
2402204;4931
2402303;3606
2402709;1646
2403756;543
2403806;1019
2403905;450
2404101;291
2404408;1453
2404804;208
2404853;1213
2406304;1274
2407203;5072
2407401;1136
2408607;672
2408953;1788
2409407;29140
2410108;1854
2410306;1480
2410405;1540
2411205;18968
2412005;10901
2412401;393
2412500;5720
2413904;1861
2414209;960
2414456;728
2414902;358
2500577;537
2501104;13444
2501153;319
2501203;1135
2501302;3549
2501401;1575
2501708;1140
2502003;1233
2502102;1056
2502409;1620
2504009;82598
2504207;928
2504702;909
2504801;2747
2505204;1066
2505600;1142
2505808;732
2506004;22378
2506103;2162
2506301;26148
2506509;556
2507200;2069
2507408;1185
2508109;816
2508604;1597
2508901;24953
2509057;1664
2509602;753
2509800;1743
2510105;2011
2510709;491
2511400;5749
2512002;3146
2512200;690
2512804;1545
2513158;1130
2513208;829
2513851;387
2513901;7105
2513984;457
2514552;647
2515005;1399
2515971;1658
2516102;2077
2516409;1527
2516607;2385
2516805;1697
2517209;828
2600500;8537
2600807;4343
2600906;3692
2602100;9459
2602209;7706
2603108;2852
2603207;5178
2603405;1402
2603801;3119
2603900;2537
2604007;20009
2604106;64318
2604205;13478
2604304;1767
2605608;4364
2605806;2987
2605905;4776
2606804;19349
2607406;901
2607752;3310
2608057;2174
2608255;1822
2608503;2666
2608909;37116
2609006;3119
2609105;2089
2609154;3703
2609808;3206
2516904;1951
2600054;16681
2601003;2200
2601706;21578
2602407;1894
2602605;8027
2602902;24728
2603009;15508
2603504;3698
2603603;1511
2603702;3585
2604502;4050
2605400;4322
2605707;4708
2606002;62483
2606309;1547
2606408;16769
2606705;1307
2606903;2343
2607000;4792
2607109;841
2607505;5158
2608008;4032
2608404;2908
2608602;2291
2608701;3078
2609204;2343
2609303;2459
2609709;3395
2610004;26561
2610103;1859
2610400;3100
2610905;20906
2611002;4870
2611533;1217
2611705;3995
2612000;2227
2612802;1803
2612901;1970
2613107;4312
2614204;4572
2614709;2837
2615102;1146
2615508;2402
2616100;1591
2700409;7512
2700805;805
2701308;3568
2701357;1319
2701407;8751
2702009;1657
2702207;765
2702405;18090
2702504;1907
2702603;4252
2703007;2735
2703304;2760
2703502;1215
2703601;1702
2703700;985
2703759;2170
2704203;4186
2705408;1540
2705606;2123
2705903;1276
2706422;1712
2706505;2310
2706901;7115
2708303;3630
2708402;6060
2709400;7332
2800670;6997
2801009;2303
2801306;6514
2802205;1225
2803005;8859
2803906;1884
2804003;8135
2805604;5506
2806503;673
2806602;2053
2806701;11757
2901106;5103
2901205;4466
2901353;2758
2901908;2781
2902054;2299
2902658;2265
2902906;6365
2903003;2346
2903102;883
2903235;2552
2903805;3782
2903953;1764
2904001;2097
2904209;1857
2904506;2063
2904605;19826
2904704;1852
2905008;7433
2905156;2529
2905800;7770
2905909;4840
2906204;4608
2906402;1579
2906501;11811
2906857;1536
2906899;1677
2907806;12051
2908606;3982
2909901;6048
2910008;2101
2910057;13971
2910206;674
2911204;16216
2911253;1139
2911600;2841
2911857;2232
2912608;819
2912707;3070
2914000;15788
2914307;2116
2914406;6547
2914653;7780
2915502;2841
2916856;2687
2918209;2478
2918803;3410
2919108;1977
2919157;4309
2919553;9817
2919801;14346
2919900;1530
2919959;1376
2920304;1120
2920700;3856
2921203;7421
2921302;1914
2921401;3055
2921500;9717
2921708;13366
2921807;1341
2922250;2223
2922656;2156
2922854;1447
2923506;1544
2923803;4738
2923902;2542
2924504;2386
2924603;2935
2924900;1357
2925501;4395
2925907;5496
2925931;1858
2926004;16565
2926103;2553
2926301;9787
2926707;1845
2927408;195232
2927705;3388
2928059;1974
2928307;2043
2928406;6662
2928703;30563
2928802;12119
2928950;1593
2929206;7173
2929305;7011
2929370;2191
2929750;3106
2929909;30827
2930006;1715
2930154;4761
2930204;7184
2930501;26985
2930758;2416
2930766;2443
2931202;2943
2931301;2768
2931400;1551
2933158;2674
2933406;1320
2933505;5049
3100302;1106
3100807;273
3100906;6484
3101003;2166
3101508;3132
3101607;3952
3101631;428
3102050;535
3102308;1272
2612406;3805
2612471;1766
2613008;7048
2613206;4069
2613503;5965
2613602;13287
2613701;12177
2614303;2348
2615300;19221
2615409;11309
2616001;2995
2616407;36512
2616506;2595
2700201;2739
2700300;54745
2700508;3322
2700706;3231
2701001;3748
2701506;2300
2701605;3725
2702306;8945
2702702;664
2702900;11319
2703205;3847
2703809;14354
2704104;3031
2704609;2387
2704708;7894
2704807;5498
2704906;691
2705101;3784
2706000;2079
2706208;968
2706307;19425
2706406;5126
2706802;3772
2707008;344
2707909;933
2708006;28949
2708808;7062
2708956;2253
2800100;406
2800407;2006
2801207;10393
2801900;754
2802007;716
2802502;413
2802908;24345
2803500;19597
2803708;1236
2803807;567
2805703;17708
2805802;3213
2806909;602
2807006;684
2807402;12422
2807501;2256
2900207;3534
2900306;2648
2900504;1390
2900603;722
2900900;1434
2901007;13026
2901502;1650
2901601;2331
2902252;2240
2902609;3244
2903201;28177
2903706;3086
2903904;20639
2904100;3403
2904308;1800
2904407;1517
2904902;10924
2905206;15454
2905404;2623
2906600;2196
2906824;3238
2906907;3062
2907004;1908
2907103;7561
2907301;10105
2907509;7226
2908101;3317
2908507;5047
2908705;2616
2909000;1147
2909109;2967
2909505;916
2909703;2257
2910503;6256
2910701;25074
2910750;3351
2910776;897
2910859;3871
2911006;1560
2911105;3825
2911709;24748
2912004;1448
2912806;1052
2913002;2137
2913101;3408
2913903;23136
2914604;47540
2914802;30714
2915007;3152
2915106;2377
2915601;12067
2915809;4424
2915908;1227
2916104;4112
2916609;1106
2916807;2344
2916906;2134
2917102;2739
2917706;4791
2918357;3587
2918555;1190
2918605;1149
2918704;577
2918902;635
2919009;708
2919306;1548
2919702;2489
2920106;3814
2920502;6898
2921450;1433
2921609;1774
2922102;10044
2922201;1243
2922300;8471
2922409;3069
2922607;2426
2922706;2587
2922904;8863
2923035;2053
2923308;1681
2923407;5825
2924058;2840
2924207;2810
2924306;2587
2925253;3645
2925758;5097
2926657;1607
2926806;2367
2927200;8364
2927309;3054
2927507;4103
2927804;1007
2927903;2695
2928000;7982
2928109;14957
2928208;8088
2928901;3932
2929008;1913
2929057;2254
2929602;3376
2929701;2849
2929800;1884
2930105;17735
2930303;2700
2930402;2890
2930808;3428
2930907;1712
2931806;3012
2932309;2048
2932507;3459
2933000;6951
2933059;2942
2933109;1332
2933257;910
2933307;45155
3100708;148
3101300;199
3101409;65
3101805;834
3102209;588
3102803;1139
3103405;11782
3103702;635
3103900;157
3104403;216
3104452;719
3104700;2474
3105707;624
3106101;190
3106200;81838
3106309;3789
3106903;1639
3107505;439
3108503;952
3109105;190
2609907;31164
2610707;34320
2610806;4481
2611309;5440
2611606;133055
2611804;13474
2611903;3247
2612455;2307
2612554;2711
2612604;8714
2613404;2591
2613800;2503
2614006;2932
2614402;977
2615904;1601
2700904;1408
2701100;1887
2701209;2256
2701704;5833
2701803;1695
2702108;3821
2702553;2601
2703403;1083
2703908;767
2705002;3720
2705200;1787
2705309;795
2705705;8208
2706448;1920
2706604;1274
2706703;19671
2707404;1704
2707602;2464
2707800;1284
2708105;1761
2708204;1122
2708501;5590
2708907;1522
2709202;4418
2800308;59871
2802106;15615
2802700;1662
2803203;5215
2803302;3015
2803401;3059
2804201;3216
2804300;1329
2804409;11088
2804508;21945
2804706;1176
2804904;2456
2805000;621
2805109;1581
2805208;1111
2805505;4769
2806008;4422
2806206;3303
2806404;1685
2806800;1631
2807303;756
2900108;1592
2900355;3170
2900405;2814
2900702;28834
2901403;2922
2901957;1401
2902005;2518
2902302;1662
2902708;13421
2904753;4020
2904852;3291
2905107;2224
2905305;3434
2905602;11251
2905701;30389
2906006;17629
2906105;1395
2906808;8169
2906873;9811
2908002;8254
2908200;3335
2908309;3085
2908408;16523
2908903;5601
2910305;1064
2910404;3442
2910602;17463
2910727;15615
2910800;53419
2911303;1790
2911501;1509
2911808;3421
2911907;4892
2912103;9601
2912301;2886
2912400;2997
2912905;3209
2913200;6975
2913804;2323
2914505;9422
2914703;33002
2915205;2356
2915304;1069
2915353;2224
2915403;1247
2915700;1489
2916401;16744
2917003;11419
2917201;2750
2917409;2353
2917508;31082
2917607;14743
2917904;1972
2918100;10223
2919058;1512
2919504;12827
2919603;1926
2919926;3285
2920007;1391
2920601;9335
2921005;5735
2921104;6310
2921906;1525
2922003;3656
2922052;2724
2922730;1554
2923001;5604
2923100;4487
2923209;4091
2923357;3439
2923704;7430
2924009;26040
2924652;1383
2924801;4375
2925105;20058
2925204;4157
2925303;15038
2925808;7609
2925956;3849
2926202;4604
2926509;3152
2926608;34426
2927101;1807
2927606;2573
2928505;1530
2929107;3184
2929354;1309
2929404;1872
2930600;2092
2931053;2318
2931509;3171
2932101;3341
2932200;8277
2932408;2592
2932606;2497
2932705;4112
2933174;1565
2933208;7095
2933455;2014
3100203;1600
3100401;596
3101102;6074
3101201;241
3101904;1078
3102001;672
3102605;953
3103108;115
3103603;281
3103751;315
3104304;329
3104502;2530
3104601;489
3104908;1645
3105004;585
3105202;701
3105301;98
3105400;1815
3106408;354
3106507;1179
3107000;252
3107406;2080
3108404;541
3108602;3784
3109006;2811
3109253;535
3109808;151
3110707;673
3110905;896
3111101;1238
3111606;1975
3113503;900
3113909;858
2604809;2441
2605004;3418
2605152;2302
2605202;18589
2606200;16263
2606507;3685
2607208;12832
2607604;3843
2607950;2014
2608107;4676
2608800;19695
2609402;9419
2609501;9635
2609600;34911
2610202;3992
2610301;2559
2611200;2734
2612109;1368
2612208;22001
2612307;3001
2612505;20250
2612703;2577
2613305;4298
2613909;38165
2614105;6397
2614501;17788
2614600;5212
2614808;2956
2614857;3075
2615003;3329
2615201;1634
2615607;5030
2615706;1952
2615805;4616
2616183;1717
2616209;2680
2616308;3824
2700102;3032
2700607;1171
2701902;1293
2702355;4181
2702801;2138
2703106;4826
2704005;4047
2704302;88392
2704401;3322
2704500;6327
2705507;5668
2705804;1730
2706109;2416
2707107;6158
2707206;2388
2707305;9635
2707503;3559
2707701;12778
2708600;14353
2708709;1248
2709004;1098
2709103;2417
2709152;9579
2709301;15279
2800209;2780
2800506;2202
2800605;4217
2800704;1481
2801108;880
2801405;5281
2801504;5662
2801603;709
2801702;3468
2802304;2228
2802403;2592
2802601;1535
2802809;2640
2803104;836
2803609;3336
2804102;1080
2804458;1507
2804607;7038
2804805;23291
2805307;1675
2805406;6980
2805901;1617
2806107;1745
2806305;2524
2807105;13995
2807204;1446
2807600;7843
2900801;5517
2901155;3145
2901304;2743
2901700;2060
2901809;1815
2902104;10128
2902203;1882
2902401;2376
2902500;2738
2902807;8870
2903300;1369
2903409;3301
2903508;2730
2903607;3505
2904050;2787
2904803;1089
2905503;3252
2906303;7442
2906709;5190
2907202;13743
2907400;584
2907558;1216
2907608;2064
2907707;1911
2907905;3230
2908804;745
2909208;3937
2909307;6459
2909406;2399
2909604;3867
2909802;18504
2910107;1676
2910909;1007
2911402;2446
2911659;1289
2912202;2554
2912509;1852
2913309;1022
2913408;2583
2913457;2131
2913507;7721
2913606;21651
2913705;7758
2914109;1614
2914208;1272
2914901;4300
2916005;2422
2916203;1708
2916302;1924
2916500;6090
2916708;1253
2917300;4738
2917334;1747
2917359;2008
2917805;3365
2918001;26525
2918308;2729
2918407;45603
2918456;1652
2918506;2573
2918753;1759
2919207;22358
2919405;1543
2920205;2852
2920403;2731
2920452;2321
2920809;2154
2920908;2508
2921054;2140
2922508;12048
2922755;974
2922805;1617
2923050;1935
2923605;4555
2924108;1432
2924405;6721
2924678;1236
2924702;1793
2925006;3804
2925402;2044
2925600;2783
2925709;2939
2926400;5302
2926905;1260
2927002;6887
2928604;13525
2929255;3523
2929503;6249
2930709;14719
2930774;3107
2931004;3531
2931103;1503
2931350;16134
2931608;2580
2931707;2468
2931905;10087
2932002;8057
2932457;2826
2932804;3093
2932903;14170
2933604;15842
3100104;323
3100500;836
3100609;2246
3102407;543
3102506;519
3103207;168
3103504;4027
3104106;190
3104205;1760
3105103;730
3105608;12899
3105905;2038
3106002;662
3106705;24672
3107307;8978
3107604;195
3107703;396
3107802;2231
3108107;580
3108255;1593
3108305;829
3108552;1669
3108701;544
3108800;538
3109204;882
3109451;649
3109501;684
3110103;396
3110301;1189
3111309;789
3111705;358
3112000;510
3112208;330
3113800;179
3114006;524
3114303;1068
3114402;1168
3114501;731
3114600;182
3115102;1995
3115359;188
3115805;920
3116159;1789
3116605;1029
3117009;1338
3117836;1336
3117900;521
3118809;3974
3119104;4128
3120102;377
3120805;1525
3121100;425
3121605;8032
3122454;1654
3123528;947
3123601;987
3123809;1423
3123858;683
3124104;5540
3124203;3182
3124302;7746
3124500;469
3124708;152
3124906;938
3125408;562
3125705;1017
3125903;835
3126000;284
3126109;1590
3127057;770
3127107;3008
3127339;748
3127602;628
3127800;1458
3128253;849
3128709;2311
3129103;462
3129657;985
3129707;351
3130051;1599
3130101;2937
3130200;167
3130655;1149
3130705;397
3130903;7994
3131158;1208
3131901;1630
3132107;2044
3132404;5298
3133402;904
3133600;529
3133758;573
3134400;3642
3134608;994
3134707;1774
3134905;355
3135001;150
3137106;596
3137205;2102
3138005;731
3138302;168
3138658;1435
3138708;287
3139805;394
3140555;1471
3140852;1019
3141108;2434
3141306;122
3141702;495
3141801;2629
3141900;265
3142106;1053
3142254;791
3142403;451
3142700;1867
3142809;2235
3143005;582
3143104;2888
3143450;808
3143500;294
3143609;172
3144300;3581
3145802;123
3145877;920
3146206;1124
3146552;631
3146701;710
3146909;1413
3147006;2628
3147709;185
3147956;940
3148103;5273
3149101;765
3149150;1408
3149952;815
3150505;442
3150802;1226
3151008;358
3151404;1547
3151800;3482
3151909;1166
3152170;1337
3152501;6090
3152808;718
3152907;369
3153608;596
3154903;3392
3155108;831
3155306;289
3155405;412
3156007;1194
3156106;367
3156403;139
3156452;306
3157252;958
3157302;356
3157401;459
3157500;729
3157906;2148
3158102;841
3158201;1366
3158508;587
3158904;816
3158953;2390
3159308;354
3159902;1804
3160504;175
3160603;335
3160702;2952
3160801;210
3161056;418
3161403;439
3161650;442
3162302;170
3162401;3966
3162450;2123
3162575;470
3162922;3094
3162955;1496
3163201;189
3163409;448
3163805;926
3163904;384
3164001;461
3165206;409
3165537;2269
3165552;1903
3166105;324
3166600;12
3167103;2571
3167202;13058
3167301;141
3167400;420
3167905;265
3168200;47
3101706;15701
3102100;1573
3102852;1155
3102902;643
3103009;806
3103306;158
3103801;90
3104007;4415
3104809;519
3105509;609
3106606;717
3106655;822
3106804;403
3107109;2861
3107208;509
3107901;959
3108008;2187
3108206;321
3108909;645
3110004;2339
3110608;2378
3111002;709
3111408;511
3111507;1098
3111903;400
3112059;454
3112307;13851
3112505;333
3112653;607
3112901;1228
3113008;2916
3113404;12468
3114550;282
3115003;156
3115409;324
3115474;938
3115607;97
3115904;239
3116704;631
3116803;1140
3117207;202
3117306;1241
3119203;985
3119401;6362
3119500;1227
3119609;241
3120003;345
3120607;360
3121209;229
3121704;478
3121902;164
3122009;3953
3122355;944
3122702;270
3122801;134
3122900;283
3123007;217
3123304;540
3123403;112
3125200;85
3125606;1297
3125804;220
3126208;1294
3126505;935
3126604;744
3126752;791
3126901;1198
3127354;413
3127370;309
3127404;90
3127503;643
3128006;16682
3128105;541
3128402;437
3128600;424
3129608;1243
3129806;10706
3130507;548
3130606;260
3132602;206
3132800;111
3132909;302
3133204;873
3134103;699
3134301;327
3134509;188
3134806;197
3135357;1502
3135407;297
3135506;930
3135704;411
3135803;7078
3136405;324
3136579;748
3137304;590
3137601;2704
3137908;263
3138104;867
3138203;5704
3138674;567
3138807;640
3139102;196
3139201;1625
3139250;884
3139300;2737
3139508;7628
3140209;121
3140308;318
3140506;686
3140530;950
3141009;2073
3141504;732
3141603;967
3142007;1774
3142304;392
3142908;2558
3143203;1474
3143401;709
3143708;374
3143906;7074
3144003;1977
3144201;427
3145000;1532
3145208;1863
3145372;576
3145604;2441
3146107;3138
3146255;960
3146305;3035
3146750;1101
3147303;2208
3147600;504
3148004;5035
3148301;765
3148905;158
3149804;320
3150539;539
3150570;984
3152600;162
3152709;205
3153103;624
3154101;975
3154408;471
3154804;394
3155603;3696
3155801;2342
3155900;437
3156502;1027
3156700;5666
3157005;10480
3157104;3118
3157203;2751
3158300;363
3158706;243
3159357;321
3159506;735
3159605;1124
3159803;1050
3160454;1369
3160959;771
3161700;468
3162252;726
3162609;811
3162948;180
3163003;538
3163300;566
3163508;772
3164407;180
3164472;1105
3164506;1288
3165560;262
3165602;93
3165701;577
3166501;561
3166709;809
3167608;2022
3167707;939
3169000;1594
3169505;1018
3170206;14610
3170701;1849
3170750;247
3171105;125
3171154;673
3171709;992
3171907;671
3172004;2809
3200102;3352
3200706;470
3201001;943
3201407;1143
3202108;2270
3114709;132
3114808;468
3114907;97
3115300;4270
3115458;1296
3115706;1072
3116001;758
3116100;1212
3116506;1131
3117603;232
3117702;800
3117801;387
3118205;393
3118304;5000
3118502;175
3118700;682
3118908;671
3119005;364
3119708;122
3119807;101
3119906;187
3120201;529
3120508;434
3120706;331
3120839;490
3120870;1401
3120904;6454
3121001;618
3121308;305
3121407;350
3121506;268
3121803;628
3122108;599
3122306;3757
3122405;221
3122504;331
3123700;835
3124005;1287
3124401;370
3124807;486
3125101;1837
3125952;1000
3126703;4686
3126802;815
3126950;602
3127305;810
3127388;181
3127701;30628
3127909;90
3128303;664
3128501;307
3129004;577
3129202;409
3129400;404
3129905;160
3130002;173
3130309;510
3130408;344
3130556;1269
3130804;116
3131109;609
3131505;463
3131604;427
3131703;5772
3132503;3749
3133006;693
3133105;447
3133303;2152
3133501;791
3133709;716
3133907;554
3134004;2289
3134202;3369
3135050;6146
3135308;181
3135456;660
3135605;1414
3136009;2406
3136108;570
3136207;4919
3136306;5761
3136553;530
3136603;423
3136652;2460
3136959;897
3137007;2167
3137700;1977
3138351;481
3138500;505
3138609;3771
3138906;928
3139607;4831
3140159;938
3141207;133
3141405;14247
3143153;557
3143302;45790
3144102;2881
3144359;854
3144375;431
3144409;231
3144607;1091
3145059;1118
3145307;3614
3145406;136
3145703;127
3145901;1154
3146008;831
3146404;219
3146503;299
3146602;108
3147105;3194
3147204;802
3147501;146
3148608;1847
3149002;271
3149200;177
3149408;219
3149507;120
3149606;322
3150000;523
3150109;154
3150158;1284
3150307;161
3150901;278
3151107;872
3151206;13404
3151305;503
3151503;2594
3151602;512
3151701;439
3152204;3744
3152303;2069
3152402;1480
3153004;301
3153202;281
3153301;174
3153806;73
3153905;360
3154002;2610
3154150;526
3154200;218
3154457;980
3154507;1332
3154606;14316
3154705;173
3155207;576
3155504;700
3156809;1196
3156908;790
3157336;442
3157658;1188
3157708;538
3158409;218
3158805;428
3159100;282
3159407;277
3160405;939
3161502;735
3161809;288
3162005;1441
3162104;2307
3162203;128
3162708;1701
3162906;2032
3163102;270
3163607;403
3163706;2771
3164209;1157
3164308;215
3164431;227
3164605;429
3164704;2932
3164803;90
3165305;388
3165503;809
3165578;492
3165800;98
3166006;519
3166204;1221
3166907;458
3166956;606
3167509;150
3167806;194
3168002;13113
3168507;894
3169208;568
3169604;2607
3170107;6807
3170800;3193
3171030;1063
3171071;742
3109303;3841
3109402;3307
3109600;190
3109709;360
3109907;506
3110202;388
3110400;128
3110509;1351
3110806;417
3111150;726
3111200;3428
3111804;395
3112109;675
3112406;426
3112604;1128
3112703;2002
3112802;195
3113107;242
3113206;3767
3113305;5591
3113602;368
3113701;3194
3114105;823
3114204;345
3115201;337
3115508;1865
3116209;221
3116308;810
3116407;201
3116902;285
3117108;512
3117405;601
3117504;3628
3117876;233
3118007;3216
3118106;530
3118403;4714
3118601;31651
3119302;1645
3119955;71
3120151;846
3120300;1444
3120409;266
3121258;721
3122207;1362
3122470;344
3122603;532
3123106;385
3123205;781
3123502;148
3123908;649
3124609;185
3125002;377
3125309;352
3126307;95
3126406;160
3127008;976
3127073;644
3127206;409
3128204;1070
3128808;635
3128907;587
3129301;1067
3129509;1324
3131000;755
3131208;1946
3131307;19339
3131406;220
3131802;911
3132008;706
3132206;887
3132305;1873
3132701;2774
3133808;2320
3135076;819
3135100;24606
3135209;24788
3135902;403
3136504;1061
3136520;502
3136702;16786
3136801;552
3136900;317
3137403;484
3137502;750
3137536;793
3137809;2342
3138401;4147
3138625;447
3138682;1059
3139003;2113
3139409;14508
3139706;672
3139904;1118
3140001;5322
3140100;723
3140407;313
3140605;624
3140704;2041
3140803;577
3140902;3777
3142205;433
3142502;160
3142601;684
3143807;300
3144508;717
3144656;1512
3144672;505
3144706;3426
3144805;2687
3144904;407
3145109;618
3145356;1528
3145455;1029
3145505;225
3145851;267
3147402;1234
3147808;134
3147907;3466
3148202;360
3148400;508
3148509;1130
3148707;3483
3148756;1296
3148806;478
3149309;2333
3149705;247
3149903;1192
3150208;299
3150406;502
3150604;155
3150703;228
3152006;1413
3152105;8842
3152131;745
3153400;1279
3153509;829
3153707;206
3154309;1242
3155009;156
3155702;913
3156205;187
3156304;283
3156601;1378
3157278;232
3157377;609
3157609;840
3157807;14028
3158003;359
3158607;149
3159001;539
3159209;315
3159704;339
3160009;219
3160108;293
3160207;584
3160306;1468
3160900;162
3161007;853
3161106;13513
3161205;339
3161304;399
3161601;511
3161908;656
3162500;7058
3162559;1550
3162658;626
3162807;1748
3164100;674
3164902;112
3165008;230
3165107;303
3165404;261
3165909;622
3166303;715
3166402;67
3166808;1080
3167004;212
3168051;614
3168101;195
3168705;3411
3168804;361
3169109;188
3169307;3221
3169406;2784
3169703;1637
3169901;5854
3170057;1245
3170404;9187
3170479;543
3170529;1395
3170602;102
3168309;334
3168408;1299
3168606;36063
3168903;500
3169059;219
3169356;1620
3169802;201
3170008;1923
3170305;371
3170438;369
3170503;410
3170578;804
3171006;1759
3171402;321
3172202;152
3200136;643
3200169;1785
3200201;3076
3201100;448
3201159;995
3201308;19013
3201704;701
3201902;1087
3202207;1062
3202306;2637
3202405;5610
3202454;2582
3203007;3728
3203106;752
3203163;668
3203346;802
3203403;2382
3203601;610
3204559;1660
3204807;2099
3205010;1664
3205150;604
3205309;15085
3300100;10495
3300233;1695
3300407;7293
3300902;1220
3300936;951
3300951;438
3301405;1775
3301702;58480
3301801;1176
3302007;8753
3302205;5002
3303203;11035
3303302;23407
3303856;2181
3303955;1906
3304102;1315
3304128;783
3304524;7249
3304904;64288
3305158;1213
3305554;6329
3305604;2331
3305901;991
3306206;1802
3500303;1500
3500550;364
3500758;209
3500808;192
3501301;1426
3501400;255
3501509;204
3501608;3940
3501707;1233
3501806;359
3501905;1415
3502101;2712
3502507;1226
3502903;918
3503604;414
3503901;5110
3504008;4341
3504206;359
3504503;2977
3505005;303
3505302;1116
3505708;10824
3506003;14619
3506102;3770
3506300;562
3506409;180
3506607;2516
3507308;173
3507407;459
3507456;149
3507704;265
3508207;192
3508801;846
3508900;168
3509304;472
3509809;261
3510500;5818
3510708;305
3510906;76
3511409;1241
3512001;1005
3512100;420
3512308;745
3513306;347
3513702;848
3514205;79
3514403;2291
3514502;442
3515129;163
3515202;265
3515301;77
3515806;72
3516200;9337
3516408;8945
3516705;2730
3516804;100
3517000;364
3517208;400
3517604;974
3517703;1014
3517901;584
3518107;502
3518602;1534
3518909;169
3519055;188
3519071;11499
3519105;424
3519907;396
3521150;232
3521408;474
3522000;90
3522109;9255
3522406;10391
3522653;499
3523107;21549
3523305;1504
3523503;738
3523909;6753
3524006;1781
3524303;2924
3524600;2561
3525904;7516
3526407;2236
3526506;177
3526902;12750
3527603;627
3527900;187
3528403;2145
3528858;127
3528908;203
3529609;158
3530201;967
3530300;1865
3530409;148
3530706;3374
3531209;130
3531704;221
3532157;153
3532306;347
3532603;227
3532702;249
3532801;182
3533403;984
3533809;97
3534005;124
3534500;122
3534757;1102
3534807;800
3535200;396
3536257;134
3537305;3651
3537503;216
3538006;7601
3538204;632
3538303;257
3538600;1119
3538907;1655
3539004;234
3539301;1435
3540309;111
3540705;1021
3541000;7791
3541505;2295
3541604;1373
3541901;460
3542107;296
3542305;296
3542602;5046
3542909;389
3543204;253
3170651;758
3170909;3060
3171303;11008
3171501;590
3172103;513
3200359;822
3200508;865
3200607;2925
3200805;2432
3201506;6786
3201605;2609
3202256;445
3202504;1017
3202900;404
3203130;582
3203205;9856
3203304;1272
3203809;1584
3204005;1654
3204351;1088
3204658;547
3205002;22283
3205176;771
3300308;4891
3300605;3273
3301157;888
3301504;1148
3301603;546
3301900;17617
3302106;2984
3302403;10822
3302452;386
3302700;6946
3303005;1968
3303104;2028
3303500;58321
3304151;1989
3304409;683
3304607;525
3304706;1900
3305208;7559
3305505;3621
3305752;3374
3306107;5435
3306305;13155
3500105;1502
3500402;136
3500907;155
3501152;711
3502200;935
3502408;215
3502705;4232
3503000;215
3503158;137
3503307;5301
3503356;171
3503703;152
3503950;77
3504107;3451
3504305;354
3504602;355
3504701;112
3505500;3583
3505807;673
3506508;3210
3506706;924
3506805;352
3506904;347
3507001;2408
3507209;56
3507605;4822
3508108;1167
3508603;2714
3509007;2017
3509502;39657
3509908;672
3510005;956
3510203;5841
3510302;1074
3511508;406
3512902;337
3513504;4549
3513801;25869
3513850;60
3513900;495
3514700;470
3515004;15741
3515350;1018
3515905;148
3516002;738
3516101;227
3516507;54
3516903;921
3517307;408
3517406;2155
3518206;1017
3518404;2879
3518800;47134
3519501;565
3519709;3015
3520202;673
3520509;3465
3520608;269
3521200;383
3521705;1348
3522158;348
3522703;1137
3523206;2910
3523701;544
3523800;305
3524709;1664
3524808;3155
3525102;1229
3525508;308
3526100;2780
3526308;303
3526704;1967
3527009;209
3527207;4005
3527306;1578
3527801;216
3528304;75
3528601;327
3528700;285
3529401;9150
3529500;78
3530003;92
3531100;4410
3531407;1730
3533007;1918
3533254;166
3533601;236
3533700;292
3534203;87
3534401;28874
3534609;2645
3535002;475
3535101;219
3535408;1651
3535804;992
3536109;169
3536208;1478
3536570;105
3537107;977
3537156;101
3537206;893
3537602;6566
3538709;10170
3539806;6946
3540101;162
3540606;1318
3540754;1020
3541653;266
3541802;162
3542008;382
3542206;1979
3543105;341
3543501;591
3544004;874
3544202;569
3545308;2396
3545605;678
3545704;148
3545803;4011
3546207;148
3547205;57
3547304;4820
3547403;37
3548054;312
3548302;163
3548401;247
3548609;480
3549409;630
3549706;2002
3549953;968
3550803;572
3551009;10712
3551108;356
3551207;208
3551306;97
3551405;719
3551504;1835
3552106;2131
3552304;218
3552502;15791
3553104;399
3553609;719
3553807;1456
3554201;253
3554904;199
3555307;56
3556206;2158
3202553;953
3202603;904
3202652;1324
3202702;1617
3202801;1741
3203353;451
3203700;1172
3204054;2303
3204104;2268
3204252;1001
3204302;1344
3204401;443
3204906;9114
3300209;12427
3300258;1603
3300704;11562
3300803;5042
3301009;37115
3301207;1576
3301850;4611
3301876;1823
3302304;686
3302502;21410
3302601;1992
3302858;10248
3303401;6610
3303609;5488
3303708;1859
3303807;1906
3304003;1748
3304110;1318
3304144;14785
3304201;3171
3304300;7408
3304557;265786
3305307;714
3305802;5456
3306008;6808
3306156;869
3500501;516
3500600;106
3501004;987
3502002;189
3502309;376
3502606;285
3502804;6206
3503109;304
3503802;1636
3504404;598
3505203;973
3505351;806
3505401;630
3505609;1756
3505906;1746
3507159;418
3507753;196
3507902;753
3508504;2351
3509205;7326
3509403;1135
3509452;369
3509601;2367
3509700;1851
3510104;80
3510153;264
3510401;2916
3510609;21411
3511003;759
3511201;231
3511904;248
3512209;1723
3512407;633
3512605;314
3513108;1839
3513405;4028
3513603;1652
3514007;460
3514106;1666
3514304;475
3514601;339
3514809;1363
3514924;139
3514957;68
3515103;8243
3515152;754
3515186;925
3515608;136
3516853;190
3517505;418
3517802;273
3518008;121
3518305;1999
3518503;596
3519006;423
3519253;393
3519303;2212
3519402;428
3520301;3312
3520442;570
3520707;242
3520905;956
3521002;1398
3521101;201
3521309;528
3521507;348
3521606;317
3521903;348
3522307;8052
3522604;1896
3522802;1886
3523008;345
3523404;1859
3523602;674
3524105;1628
3524204;300
3524402;8286
3524501;140
3524907;214
3525003;4817
3525300;3167
3525409;171
3525854;67
3526001;1153
3526209;3525
3526605;408
3526803;1432
3527108;3510
3527256;105
3527405;1274
3527702;271
3528502;3622
3529203;1191
3529708;1621
3529906;2025
3530102;1304
3530508;2182
3530904;277
3531308;1199
3531506;1121
3531803;4990
3531902;1773
3532058;180
3532207;173
3532405;1079
3532504;388
3532827;988
3532843;83
3532900;480
3533205;261
3533502;1002
3534104;274
3534302;798
3534906;378
3535507;3009
3535903;190
3536307;334
3536406;551
3536604;408
3536802;283
3536901;53
3537909;834
3538501;677
3538808;2250
3539400;327
3540002;1002
3540200;1718
3540259;235
3540507;295
3540804;499
3540853;212
3540903;1184
3542404;416
3544301;613
3544400;151
3544905;524
3545159;97
3546504;477
3546603;1793
3546702;441
3546900;183
3547601;593
3547650;36
3547809;27141
3548104;120
3549003;96
3549201;37
3550209;1253
3550407;1906
3550506;333
3550605;2934
3550704;4525
3550902;492
3171204;5542
3171600;1683
3171808;622
3200300;614
3200409;1698
3200904;6716
3201209;5021
3201803;346
3202009;368
3203056;2297
3203320;3673
3203502;3576
3203908;4754
3204203;1029
3204500;755
3204609;1134
3204708;2715
3204955;354
3205036;971
3205069;1539
3205101;4369
3205200;13507
3300159;597
3300225;946
3300456;48754
3300506;1675
3301108;2652
3301306;1642
3302056;2114
3302254;1711
3302270;9442
3302809;1198
3302908;1899
3303906;10261
3304508;628
3304755;4365
3304805;3374
3305000;3293
3305109;22424
3305133;601
3305406;2304
3305703;1523
3500204;172
3500709;1124
3501103;172
3501202;166
3502754;899
3503208;4781
3503406;263
3503505;275
3504800;163
3504909;663
3505104;417
3506201;127
3506359;3533
3507100;1506
3507506;4157
3507803;702
3508009;1639
3508306;192
3508405;1137
3508702;1327
3509106;397
3509254;2205
3509957;455
3510807;1429
3511102;3550
3511300;152
3511607;817
3511706;726
3512506;270
3512704;136
3512803;2001
3513009;5632
3513207;316
3514908;1035
3515194;117
3515400;1049
3515509;2327
3515657;69
3515707;9630
3516309;13726
3516606;177
3517109;203
3518701;11031
3518859;336
3519204;358
3519600;2179
3519808;342
3520004;1301
3520103;1302
3520400;578
3520426;708
3520806;106
3521804;1227
3522208;6604
3522505;11198
3522901;460
3525201;1116
3525607;138
3525706;1354
3525805;269
3527504;77
3528007;371
3528106;269
3528205;148
3528809;625
3529005;7644
3529104;72
3529302;2998
3529658;81
3529807;624
3530607;26284
3530805;1543
3531001;31
3531605;189
3532009;513
3532108;347
3532868;41
3533106;114
3533304;185
3533908;3473
3534708;3254
3535309;2119
3535606;860
3535705;201
3536000;755
3536505;3772
3536703;1644
3537008;1252
3537404;874
3537701;110
3537800;2054
3538105;400
3539103;875
3539202;1321
3539509;1569
3539608;171
3539707;289
3539905;253
3540408;277
3541059;502
3541109;158
3541208;488
3541307;1657
3541406;9558
3541703;636
3542503;149
3542701;390
3542800;384
3543006;1912
3543402;10362
3543709;530
3544103;2471
3544608;278
3544707;189
3544806;358
3545209;2501
3545407;397
3546108;84
3546256;69
3546306;826
3546405;1469
3546801;2736
3547007;370
3547502;898
3548005;1235
3548807;2562
3548906;8176
3549102;1032
3549250;50
3549300;89
3549607;347
3550001;445
3550308;525032
3551702;4303
3552205;19490
3553005;430
3553203;198
3553401;1768
3553708;2899
3553906;277
3554300;3213
3554508;1097
3554706;291
3554805;2193
3555000;2351
3555208;86
3555604;116
3556008;1629
3556107;586
3556354;479
3543238;165
3543253;431
3543303;3958
3543600;69
3543808;206
3543907;3749
3544251;769
3544509;69
3545001;958
3545100;359
3545506;216
3546009;735
3547106;189
3547700;1121
3547908;383
3548203;303
3548500;9856
3548708;25039
3549508;699
3549805;12160
3549904;24471
3550100;1723
3552007;382
3552403;9184
3552551;170
3552601;519
3552700;558
3552809;13395
3553658;56
3553955;678
3554102;7657
3554409;261
3554755;149
3554953;235
3555356;206
3555406;4830
3555505;260
3555901;86
3556453;2442
3556503;3485
3556800;315
3556909;115
4100400;6233
4100509;717
4101101;959
4101507;2571
4101606;1332
4101853;136
4102109;1275
4103156;161
4103222;101
4103370;212
4103453;429
4104253;804
4104428;1086
4104709;503
4105102;587
4105300;168
4105607;1362
4105904;972
4106209;478
4106506;1003
4106605;482
4107124;335
4107157;206
4107207;1953
4107256;192
4107405;318
4107520;57
4108551;216
4108601;1891
4108957;396
4109302;444
4109401;12360
4109757;439
4109906;306
4110508;622
4110607;877
4110656;118
4111001;296
4111100;36
4111506;4290
4111902;869
4112405;371
4112504;692
4112801;263
4112900;241
4113205;1653
4113403;226
4113502;2426
4113759;343
4113809;282
4114203;782
4115002;416
4115200;6130
4115408;1199
4115507;159
4115705;1957
4115853;103
4116000;94
4117008;307
4117107;1377
4117222;174
4117404;101
4117909;750
4118006;559
4118105;1184
4118204;6584
4118451;52
4118857;241
4118907;139
4119103;893
4119152;6228
4119202;299
4119251;159
4120101;157
4120358;271
4120507;462
4121703;1878
4122008;584
4122107;113
4123824;145
4124020;356
4124053;362
4124103;3433
4125407;366
4125456;159
4125605;2606
4125704;1066
4125753;344
4125902;83
4126207;423
4126256;1386
4126702;186
4126900;218
4127106;7725
4127403;331
4127858;794
4127908;256
4128005;1897
4128302;72
4128559;309
4128609;330
4128807;155
4200606;32
4200754;16
4201307;980
4201406;1518
4201950;306
4202008;1285
4202081;136
4202131;427
4202206;49
4202909;1835
4203204;1504
4203253;63
4203303;266
4203402;198
4203501;609
4203808;3042
4204178;272
4204194;56
4204251;304
4204558;989
4205100;52
4205159;7
4205175;470
4205209;36
4205357;42
4205431;111
4205506;2390
4205704;848
4205803;609
4205902;895
4206603;108
4206801;93
4207205;639
4207304;1766
4207684;666
4207809;225
4207858;55
4208104;672
4208302;1357
4208906;2082
4209151;182
4209458;53
4210050;22
4210308;272
4210803;244
4210852;63
4211058;549
4211108;489
3551603;611
3551801;1042
3551900;705
3552908;266
3553302;923
3553500;441
3553856;517
3554003;4949
3554607;177
3554656;104
3555109;329
3555703;34
3555802;415
3556305;909
3556404;794
3557154;75
4101002;612
4101804;5469
4102000;1798
4102208;126
4103024;100
4103107;855
4103206;212
4103305;430
4103354;331
4103479;164
4103958;396
4104055;354
4104402;1160
4104659;977
4105409;1573
4105508;2606
4105805;10905
4106308;1210
4106456;514
4106704;282
4106902;39189
4107108;259
4107306;133
4107504;1707
4107538;27
4107553;264
4107702;279
4108007;856
4108106;108
4108452;435
4108502;1185
4109005;226
4109203;260
4109500;1254
4109609;2333
4109658;414
4110052;88
4110409;100
4110805;762
4111308;223
4111803;2044
4112207;298
4113106;266
4113601;196
4114401;1758
4114500;1130
4114708;159
4114807;1068
4114906;493
4115606;227
4115754;602
4116109;1323
4116307;114
4116505;37
4116703;487
4116802;720
4117057;887
4117206;299
4117297;178
4117503;1913
4117602;3116
4117800;1555
4118303;135
4118402;4585
4118709;166
4118808;536
4119608;7545
4119657;102
4119707;360
4119806;515
4120309;222
4120333;215
4120408;122
4120804;168
4120853;20
4120903;3749
4121307;148
4121356;126
4121604;256
4121752;648
4122206;2676
4122305;1703
4122404;1735
4122651;370
4122701;233
4122909;284
4123105;319
4123204;255
4123303;460
4123402;220
4123501;695
4123808;412
4123857;962
4123907;999
4123956;261
4124301;130
4125001;585
4125803;444
4126009;454
4126272;289
4126405;183
4126678;600
4127205;308
4127700;2681
4127809;547
4127957;265
4128708;313
4200051;130
4200309;28
4200408;66
4200705;313
4200804;152
4201000;673
4201604;45
4201802;50
4202057;457
4202073;384
4202438;173
4202875;146
4204301;1439
4204459;94
4204806;2782
4205407;7043
4205605;202
4206306;365
4206900;498
4207007;1742
4207403;178
4207759;91
4208005;155
4208450;523
4209201;7
4209508;82
4210209;191
4210555;33
4210902;49
4211454;145
4211504;126
4211850;128
4211876;85
4212007;312
4212056;72
4212254;452
4212403;38
4213351;109
4213500;936
4213609;1410
4214102;45
4214151;66
4214201;398
4214409;207
4214607;112
4215000;610
4215075;137
4215307;73
4215653;274
4216206;1016
4216602;3255
4216909;1679
4217006;144
4217253;42
4217303;76
4217907;225
4218301;969
4218400;75
4218707;1577
4218806;1015
4218954;196
4219002;331
4219150;95
4219200;229
4219408;51
4219705;650
4300604;7919
4300646;451
4301057;337
4301073;45
4301206;517
4301305;2041
4301503;150
4301701;120
4301875;248
4301958;11
4302105;1937
4302204;74
4302220;88
4302253;1
4302303;1476
4302378;238
4302402;370
4302501;307
4302659;58
4303004;4015
4303509;4891
4303707;111
4303806;444
4304358;524
4304663;1781
4305116;29
4305439;244
4305934;6
4305975;92
4306007;563
4306056;429
4306106;2160
4306205;314
4306320;139
4306353;275
4306452;29
4306502;913
4306601;2307
4306700;271
4306908;1573
4307708;2973
4307906;1628
4308078;106
4308201;289
4308300;924
4308458;99
4308607;284
4308706;124
4308805;416
4308854;87
4309050;224
4309571;120
4309704;103
4310207;3863
4310306;53
4310363;19
4310405;348
4310603;2093
4310702;110
4310900;60
4311205;1195
4311304;1420
4311403;2027
4311627;76
4311718;342
4311775;282
4311809;771
4312138;103
4312179;49
4312252;561
4312302;279
4312377;174
4312427;148
4312625;91
4312658;354
4312757;27
4313003;9
4313060;571
4313086;15
4313334;49
4313409;6944
4313490;181
4313508;1799
4313706;2821
4314027;368
4314100;4379
4314159;190
4314308;116
4314407;10930
4314472;241
4314555;166
4314704;621
4314753;3
4314902;53369
4315008;226
4315107;607
4315305;893
4315602;5751
4315750;39
4315958;136
4316428;150
4316477;30
4316501;56
4316600;1365
4316758;37
4316972;195
4317004;746
4317558;24
4317905;926
4318002;2343
4318101;1336
4318424;89
4318499;14
4318622;224
4318705;7729
4318804;1805
4318903;3775
4319356;23
4319604;1173
4319703;80
4319711;9
4319802;481
4319901;1886
4320107;3154
4320230;136
4320404;283
4320503;245
4320552;763
4320651;74
4321006;278
4321303;1513
4321436;621
4321469;40
4321477;155
4321667;208
4321808;1460
4322103;112
4322186;56
4322400;6983
4322509;2696
4322525;159
4322905;592
4323754;274
4323804;403
5000203;903
5000807;424
5002100;2029
5002407;1928
5002704;31365
5003157;1717
5003207;7972
5003504;312
5004601;999
5004809;1255
5005004;6316
5005103;249
5006002;1115
5006259;122
5006309;2225
5007208;1449
5100102;695
5100300;1972
5100359;449
5100508;690
5100607;605
5101001;242
5101407;1222
5102637;1165
5102702;2323
5103007;1735
5103254;2366
5103361;182
5103452;554
5103809;97
5104104;2467
5104807;3108
5105259;2289
5105580;967
5105903;1370
5106190;132
5106265;401
5106299;667
5106372;1104
5106422;3108
5106778;871
5106828;557
5107206;324
5107602;12560
5107750;178
5107859;388
5107883;192
5107958;3399
5108006;1195
5108303;259
5108352;205
4211405;93
4211603;223
4212106;875
4212205;1652
4212239;114
4212502;481
4213005;46
4213104;55
4213203;172
4213302;175
4213906;33
4214003;395
4214706;81
4215208;184
4215455;243
4215505;912
4215695;28
4216107;311
4216305;806
4216701;658
4217105;43
4217154;54
4217550;47
4217600;236
4217709;2247
4218608;75
4218905;353
4219101;105
4300059;105
4300208;312
4300455;218
4300570;13
4300638;482
4300802;308
4300901;74
4301107;1097
4301602;8295
4301800;358
4301925;15
4302352;103
4302709;1984
4302808;3079
4302907;1475
4303400;223
4303608;258
4303905;568
4304622;55
4304671;200
4304713;242
4304804;179
4305009;466
4305108;8525
4305157;167
4305306;173
4305371;227
4305405;237
4305447;292
4305454;700
4305587;24
4305603;59
4305702;337
4305801;1249
4306072;323
4306130;31
4306429;132
4306551;55
4306759;23
4306809;340
4306932;227
4306957;209
4306973;150
4307005;2451
4307104;695
4307203;187
4307559;176
4307609;956
4308433;18
4308904;732
4309209;10090
4309258;24
4309407;319
4309506;288
4309555;16
4309605;1005
4309753;228
4309902;160
4310009;289
4310108;412
4310439;98
4310553;388
4310652;114
4310751;69
4310801;302
4310850;351
4311007;1225
4311122;289
4311130;163
4311239;158
4311270;16
4311734;161
4311759;262
4312005;15
4312104;351
4312203;187
4312401;2147
4312443;72
4312450;369
4312674;95
4313037;137
4313102;146
4313201;129
4313441;148
4314001;65
4314175;239
4314423;9
4314464;108
4314779;175
4315172;23
4315206;75
4315354;44
4315453;21
4315701;3008
4315800;134
4315909;241
4316204;135
4316436;52
4316907;7375
4317251;9
4317301;1514
4317509;4835
4318200;1372
4318432;115
4318457;214
4318606;251
4318614;19
4319000;395
4319109;130
4319372;42
4319752;7
4320263;489
4320354;383
4320453;59
4320578;117
4320677;386
4320701;3032
4320800;3461
4320859;115
4321204;1397
4321352;391
4321451;568
4321501;1871
4321626;11
4321832;93
4321907;2703
4322202;2004
4322251;33
4322541;37
4322707;1472
4323101;344
4323309;22
4323358;26
4323408;61
4323606;18
5000252;395
5000856;788
5001003;1469
5002001;905
5002308;898
5002902;1040
5003108;350
5003702;8479
5004304;883
5004908;203
5005251;414
5005608;3621
5005681;3685
5006408;771
5006606;7420
5007307;247
5007406;1690
5007505;352
5007802;328
5007950;1319
5007976;228
5100201;2577
5101258;928
5101803;9756
5102850;450
5103056;424
5103304;1091
5103379;558
5103437;322
3556701;1408
3557204;666
4100202;465
4100301;529
4100459;273
4100608;894
4100806;486
4100905;487
4101200;1248
4101309;569
4101408;4351
4101655;366
4101705;498
4102307;580
4102406;3190
4102703;173
4102752;243
4102901;1287
4103008;257
4103404;139
4103503;335
4103602;1912
4103701;3569
4103909;694
4104006;2016
4104204;2378
4104303;7329
4104451;891
4104501;1362
4104600;1231
4105003;482
4105201;1769
4106001;621
4106100;232
4106407;4032
4106803;1028
4107009;1035
4107900;145
4108205;148
4108320;465
4108809;1439
4108908;272
4109104;88
4110003;116
4110102;2145
4110201;1020
4110706;7311
4110953;433
4111209;451
4111258;4463
4111704;262
4112009;2616
4112108;1909
4112603;92
4112702;785
4112959;372
4113304;5451
4113429;264
4113700;20171
4113734;507
4113908;587
4114302;1913
4114351;165
4115101;676
4115309;265
4115358;45
4115903;120
4117255;312
4117453;218
4117701;1106
4119004;194
4119509;5896
4119954;906
4120200;125
4120655;205
4120705;412
4121000;595
4121406;1534
4121505;1642
4122156;1550
4122503;562
4122800;156
4123006;518
4124202;101
4124400;1478
4124509;41
4124608;290
4124707;644
4124806;214
4124905;397
4125209;277
4125506;10282
4126306;985
4126355;77
4126603;1450
4126801;606
4127007;775
4127304;730
4127502;2245
4127882;565
4128104;4555
4128203;6213
4128401;486
4128500;1992
4128534;805
4128625;188
4128633;807
4200200;82
4200507;243
4200556;33
4201109;131
4201208;131
4201653;38
4201901;41
4202099;69
4202453;437
4202503;222
4202537;192
4202578;65
4202859;15
4203006;2026
4203600;903
4203709;707
4204400;209
4204905;118
4205001;907
4205191;86
4205308;1081
4205456;537
4205555;109
4206009;381
4206207;171
4206405;96
4206504;848
4206751;47
4207577;11
4207650;83
4207908;481
4208203;3316
4208609;67
4208708;359
4208807;478
4208955;56
4209409;709
4209805;169
4209904;89
4210035;26
4210100;1564
4210407;236
4210605;193
4210704;91
4211751;478
4211892;120
4212270;302
4212601;16
4212700;95
4212908;486
4213401;533
4213708;184
4213807;383
4214904;32
4215059;166
4215356;148
4215406;53
4215554;22
4215604;23
4215679;178
4215687;133
4215703;616
4215802;1249
4216008;153
4216057;190
4216255;29
4216354;35
4217204;1208
4217808;580
4217956;65
4218202;398
4218251;839
4218509;75
4218756;44
4219176;188
4219358;216
4219606;37
4219853;56
4300307;310
4300406;1923
4300471;45
4300505;224
4300661;44
4300703;34
4300851;245
4300877;235
4301552;55
4301651;21
4302055;304
4302238;128
4302584;50
4302600;267
4303558;30
4304002;532
4304200;1666
4304309;131
4304507;3007
4304614;57
4304655;275
4304689;612
4304705;2279
4304903;329
4304952;127
4305173;422
4305207;1819
4305871;63
4305959;18
4306304;44
4306403;334
4306734;122
4307054;71
4307302;481
4307500;1458
4307807;983
4307815;107
4307864;12
4308250;38
4308409;437
4309001;1332
4309100;589
4309126;214
4309159;215
4309654;867
4309803;103
4310538;152
4310579;65
4310876;268
4311155;573
4311254;452
4311429;231
4311601;255
4311643;11
4311700;187
4311791;19
4311981;161
4312054;50
4312351;6
4312476;50
4312609;65
4312617;115
4312807;8
4312906;182
4312955;10
4313011;12
4313300;469
4313359;8
4313375;699
4313391;185
4313466;32
4313607;186
4313656;1153
4313805;456
4313904;1375
4314050;2044
4314076;142
4314134;10
4314209;592
4314456;65
4314498;276
4314787;12
4314803;1888
4315057;148
4315073;76
4315131;79
4315156;210
4315313;60
4315321;189
4315404;1281
4316303;301
4316709;447
4316733;30
4316808;3715
4316956;40
4317103;4489
4317608;2171
4317707;1000
4317806;2075
4317954;49
4318309;4311
4318440;28
4318481;21
4319125;222
4319158;465
4319307;306
4319364;104
4319406;1582
4319505;914
4319737;277
4320008;4238
4320206;833
4320305;108
4321329;64
4321600;3735
4321634;5
4321857;337
4321956;348
4322004;1122
4322152;409
4322301;168
4322343;57
4322350;10
4322376;237
4323002;12351
4323200;21
4323770;12
5000708;1799
5001243;1049
5001904;2089
5002159;488
5002209;1307
5002803;616
5003256;1365
5003306;4983
5003454;612
5004007;333
5004502;191
5004700;2168
5005400;1095
5005806;1669
5006200;4400
5006358;1464
5007109;1094
5007935;783
5008305;7698
5008404;324
5101209;91
5101704;3438
5101852;624
5101902;877
5102504;9669
5102603;1083
5102694;332
5102793;696
5103106;285
5103858;365
5103908;460
5104609;905
5105101;1505
5105150;5505
5105200;728
5105606;585
5106158;822
5106224;1758
5106232;1534
5106281;646
5106307;706
5106455;246
5106653;447
5107156;172
5107248;258
5107354;442
5107578;278
5107768;129
5107776;913
5107941;358
5108808;252
5108907;315
5200100;818
5200308;2510
5200605;495
5200803;843
5201306;2441
5201405;17184
5201504;254
5202502;371
5203500;1607
5203559;725
5203575;411
5204003;707
5204250;514
5204607;448
5204904;4333
5205307;761
5205455;325
5205802;1174
5206800;279
5207535;750
3556602;460
3556958;31
3557006;2727
3557105;5038
3557303;342
4100103;358
4100707;595
4101051;65
4101150;167
4101903;2426
4102505;741
4102604;599
4102802;610
4103040;536
4103057;652
4103800;404
4104105;598
4104808;6432
4104907;3573
4105706;1130
4106555;321
4106571;208
4106852;268
4107546;547
4107603;3597
4107652;3061
4107736;803
4107751;587
4107801;129
4107850;310
4108304;10437
4108403;2682
4108650;832
4108700;672
4109708;2599
4109807;2900
4110078;903
4110300;187
4110904;135
4111407;1054
4111555;277
4111605;77
4112306;276
4112751;355
4113007;281
4113254;754
4113452;478
4114005;1957
4114104;780
4114609;968
4115457;542
4115739;426
4115804;1573
4116059;421
4116208;1558
4116406;121
4116604;302
4116901;1521
4116950;187
4117214;221
4117271;415
4117305;2019
4118501;3563
4118600;270
4119301;2263
4119400;1794
4119905;11613
4120002;2779
4120150;291
4120606;3666
4121109;232
4121208;573
4121257;216
4121802;1105
4121901;1135
4122172;606
4122602;333
4123600;72
4123709;173
4124004;246
4125100;643
4125308;141
4125357;183
4125555;49
4126108;179
4126504;1366
4126652;144
4127601;1448
4127965;1014
4128658;223
4200101;1734
4200903;92
4201257;145
4201273;23
4201505;172
4201703;54
4202107;885
4202156;74
4202305;1876
4202404;4361
4202602;424
4202701;76
4202800;576
4203105;189
4203154;299
4203907;517
4203956;308
4204004;545
4204103;294
4204152;139
4204202;4883
4204350;54
4204509;321
4204608;3609
4204707;201
4204756;13
4206108;79
4206652;180
4206702;550
4207106;210
4207502;787
4207601;49
4207700;106
4208401;273
4208500;1305
4209003;721
4209102;8337
4209177;96
4209300;9179
4209607;318
4209706;824
4209854;68
4210001;105
4210506;1036
4211009;265
4211207;531
4211256;118
4211306;2009
4211652;89
4211702;631
4211801;57
4211900;2695
4212304;172
4212809;746
4213153;47
4214300;42
4214508;56
4214805;1240
4215109;60
4215752;173
4215901;83
4216404;277
4216503;1202
4216800;406
4217402;198
4217501;438
4217758;95
4218004;1669
4218103;218
4218350;61
4218855;76
4219309;841
4219507;1969
4300034;189
4300109;1400
4300554;66
4301008;229
4301404;541
4301636;957
4301750;392
4301859;128
4301909;644
4302006;545
4302154;115
4302451;364
4303103;3743
4303202;298
4303301;231
4303673;71
4304101;257
4304408;1561
4304606;9778
4304630;3328
4304697;18
4304853;20
4305124;334
4305132;229
4305355;1129
4305504;105
4305835;9
4305850;77
4305900;928
5208400;1470
5208509;203
5208905;3185
5209150;249
5209903;1849
5210158;396
5210208;2600
5210307;176
5210406;3809
5211008;757
5211206;2908
5211503;4927
5212055;313
5212105;163
5212303;721
5212600;301
5213004;958
5213707;234
5213756;642
5213905;291
5214002;1917
5214101;351
5214804;97
5214903;422
5215009;539
5216809;654
5217401;2006
5217708;1779
5218003;5282
5218508;2105
5218805;7878
5218904;1325
5219357;289
5219506;325
5220009;1037
5220058;102
5220207;3013
5220405;1668
5220504;329
5221007;230
5221452;381
5221577;322
5222302;601
5108501;408
5200175;491
5200555;377
5201207;39
5201603;284
5201702;3296
5202353;199
5203203;807
5203302;1345
5203401;958
5204102;646
5204409;1774
5204508;3504
5204656;499
5204805;164
5205109;3474
5205208;374
5206206;4287
5206503;373
5206602;100
5206701;592
5206909;113
5207352;243
5207600;619
5208103;590
5208152;172
5209291;288
5209408;643
5209937;400
5210000;3796
5210109;1905
5210562;283
5210604;445
5210802;278
5211305;362
5211404;390
5211602;241
5212204;3900
5212501;15146
5212907;186
5213053;307
5213103;3284
5213772;802
5214051;515
5214838;1240
5214879;150
5215256;486
5217104;1380
5217302;1452
5217609;8667
5218102;248
5218300;7925
5218391;230
5218607;1629
5219001;404
5219209;115
5219456;245
5219704;2355
5219712;235
5219738;497
5220108;2932
5220280;205
5220702;368
5221080;467
5221304;161
5221502;361
5221551;406
5221601;2903
5221809;81
5221908;278
4306379;218
4306767;1598
4306924;107
4307401;126
4307450;88
4307831;147
4308003;668
4308052;175
4308102;185
4308508;6197
4308656;284
4309308;3061
4309951;229
4310330;1027
4310413;233
4310462;13
4310504;676
4311106;1160
4311502;386
4311908;77
4312153;87
4312385;7
4312500;988
4312708;704
4313425;272
4313953;535
4314035;89
4314068;262
4314506;1883
4314605;1138
4315149;16
4315503;1339
4315552;283
4316006;563
4316105;513
4316402;4952
4316451;988
4317202;2225
4317400;2736
4317756;32
4318051;35
4318408;1896
4318465;156
4318507;1644
4319208;693
4320321;150
4320602;70
4320909;878
4321105;1345
4321402;2041
4321493;115
4321709;391
4322327;187
4322533;250
4322558;37
4322608;2397
4322806;381
4322855;4
4323457;386
4323507;72
4323705;143
5000609;7500
5000906;688
5001102;3962
5001508;376
5002605;946
5002951;1948
5003488;1180
5003751;801
5003801;2131
5004106;1152
5004403;360
5005152;982
5005202;1594
5005707;2773
5006903;921
5007695;1269
5007703;465
5007901;4543
5008008;741
5100250;4038
5100409;877
5100805;340
5101308;515
5101605;765
5102678;1887
5102686;1272
5103205;2295
5103353;5319
5103403;29566
5103502;2636
5103700;773
5104203;913
5104500;127
5104906;762
5105507;1005
5106000;442
5106182;567
5106216;360
5106240;206
5106505;4147
5106703;114
5106851;346
5107008;1370
5107040;5043
5107180;561
5107198;138
5107297;133
5107305;973
5107404;321
5107743;140
5107792;223
5107909;6006
5107925;3105
5108055;666
5108402;19916
5108857;185
5108956;422
5200050;837
5200159;172
5200209;181
5200852;271
5201108;13466
5203609;256
5203807;417
5203962;439
5204201;165
5204300;1486
5204557;276
5204706;1643
5204854;824
5205000;558
5205513;2511
5205521;458
5205703;178
5207253;688
5207402;901
5207907;1470
5208301;889
5208608;4128
5209200;1544
5209457;276
5209606;457
5209705;1038
5209804;308
5209952;1858
5210901;1642
5212006;311
5212253;150
5212709;1133
5213087;2369
5213400;217
5213509;1162
5213806;2173
5213855;269
5214507;1495
5214606;3351
5214861;951
5215207;265
5215306;546
5215504;363
5215702;2411
5215801;102
5216007;105
5216304;438
5216908;257
5218706;213
5219100;464
5219308;3107
5219407;492
5219753;7861
5221197;689
5221700;1153
5222005;600
5222054;767
5300108;101830
5103601;721
5103957;243
5104559;313
5105002;502
5105176;339
5105234;498
5105309;261
5105622;4014
5106109;1082
5106174;438
5106208;250
5106257;481
5106273;154
5106315;239
5106752;3880
5106802;154
5107065;692
5107107;859
5107263;295
5107701;2022
5107800;1458
5107875;1114
5108105;259
5108204;220
5108600;691
5200134;1048
5200258;21522
5200506;151
5200829;578
5200902;338
5201454;124
5201801;922
5202155;842
5202601;256
5202809;267
5203104;386
5203906;281
5203939;189
5204953;811
5205059;298
5205406;2523
5205471;362
5205497;5743
5205901;419
5206305;285
5206404;1339
5207105;199
5207501;266
5207808;1033
5208004;15113
5208707;39871
5208806;2991
5209101;2485
5211701;499
5211800;3775
5211909;3334
5212808;1137
5212956;610
5214408;396
5214705;128
5215231;7525
5215405;313
5215603;2069
5215652;279
5215900;253
5216403;950
5216452;176
5217203;1043
5218052;233
5218789;162
5219258;197
5219605;260
5219803;1425
5219902;586
5220157;391
5220264;307
5220454;5725
5220603;2122
5220686;949
5221403;6325
5221858;9065
5222203;645
